scorer,DLC_HrnetW32_fish4drugNov14shuffle1_snapshot_040,DLC_HrnetW32_fish4drugNov14shuffle1_snapshot_040,DLC_HrnetW32_fish4drugNov14shuffle1_snapshot_040,DLC_HrnetW32_fish4drugNov14shuffle1_snapshot_040,DLC_HrnetW32_fish4drugNov14shuffle1_snapshot_040,DLC_HrnetW32_fish4drugNov14shuffle1_snapshot_040,DLC_HrnetW32_fish4drugNov14shuffle1_snapshot_040,DLC_HrnetW32_fish4drugNov14shuffle1_snapshot_040,DLC_HrnetW32_fish4drugNov14shuffle1_snapshot_040,DLC_HrnetW32_fish4drugNov14shuffle1_snapshot_040,DLC_HrnetW32_fish4drugNov14shuffle1_snapshot_040,DLC_HrnetW32_fish4drugNov14shuffle1_snapshot_040,DLC_HrnetW32_fish4drugNov14shuffle1_snapshot_040,DLC_HrnetW32_fish4drugNov14shuffle1_snapshot_040,DLC_HrnetW32_fish4drugNov14shuffle1_snapshot_040,DLC_HrnetW32_fish4drugNov14shuffle1_snapshot_040,DLC_HrnetW32_fish4drugNov14shuffle1_snapshot_040,DLC_HrnetW32_fish4drugNov14shuffle1_snapshot_040,DLC_HrnetW32_fish4drugNov14shuffle1_snapshot_040,DLC_HrnetW32_fish4drugNov14shuffle1_snapshot_040,DLC_HrnetW32_fish4drugNov14shuffle1_snapshot_040,DLC_HrnetW32_fish4drugNov14shuffle1_snapshot_040,DLC_HrnetW32_fish4drugNov14shuffle1_snapshot_040,DLC_HrnetW32_fish4drugNov14shuffle1_snapshot_040
bodyparts,head,head,head,eye1,eye1,eye1,eye2,eye2,eye2,body1,body1,body1,body2,body2,body2,body3,body3,body3,body4,body4,body4,body5,body5,body5
coords,x,y,likelihood,x,y,likelihood,x,y,likelihood,x,y,likelihood,x,y,likelihood,x,y,likelihood,x,y,likelihood,x,y,likelihood
0,70.88194,192.32643,0.6713819,80.94264,194.92058,0.63696754,75.39827,182.46434,0.61451095,113.78102,174.76945,0.6132327,136.67653,161.86887,0.6608304,158.4982,154.37755,0.8177056,174.31026,147.8364,0.5470275,194.61044,130.78094,0.3854825
1,70.73151,187.5825,0.727611,81.53642,191.81407,0.673381,76.4951,178.13892,0.66021407,115.39661,172.87299,0.6052835,138.9577,159.83472,0.6402219,159.15959,154.41563,0.81067276,175.32982,147.18642,0.57522863,194.93166,130.3045,0.3698654
2,71.55921,186.54912,0.7308947,83.49595,190.25932,0.667325,77.57011,176.78021,0.6579564,117.81403,171.41336,0.60623485,140.33815,159.54106,0.6509372,160.8969,153.73819,0.8227479,177.18864,146.53542,0.6087047,108.77267,170.62871,0.37542894
3,71.62856,183.29669,0.7157178,82.25113,187.87871,0.65068334,77.742676,173.99806,0.6295731,120.191536,171.25443,0.59781986,143.42036,158.66089,0.65192616,162.4156,153.15857,0.8449721,178.19054,145.95554,0.60984385,110.740715,169.1742,0.38022247
4,64.01772,118.32164,0.7891403,67.46994,128.24954,0.7301625,75.489334,118.19187,0.733961,107.82938,143.00732,0.8267575,127.490005,159.19708,0.75455844,155.86543,186.95192,0.77607113,185.91115,209.93875,0.64245015,216.5974,202.9898,0.78570646
5,65.47111,116.25252,0.77583987,70.84452,128.63174,0.7197294,75.77865,115.60568,0.71712214,109.70242,142.09258,0.7999478,131.03143,156.68121,0.79555124,162.46376,184.21474,0.7685575,192.75188,210.27338,0.7047875,222.79303,216.6561,0.8707489
6,68.9026,124.020035,0.9500065,74.55106,135.68877,0.9010957,82.10933,120.50521,0.86791825,109.723816,140.2025,0.89606255,132.95374,156.46165,0.8299239,165.69281,182.57492,0.7498059,200.08884,210.42575,0.6218143,225.71886,226.3853,0.799896
7,73.18889,125.14804,0.91334915,77.84748,138.00894,0.8706218,84.11373,122.45776,0.853709,114.568855,141.07716,0.90371394,136.4424,157.41614,0.79811645,170.30705,186.69676,0.73074734,205.75148,212.08557,0.6191368,231.46204,231.1768,0.88618004
8,76.15221,125.64523,0.8761795,82.4623,138.80403,0.88379836,86.93572,123.227486,0.8376726,116.7242,142.07564,0.9109803,138.45537,158.7581,0.78121126,171.81776,186.50546,0.7261796,206.17001,211.9114,0.62311506,232.69594,231.17285,0.9141141
9,76.90201,128.01384,0.842144,83.59161,139.13225,0.83594954,87.72079,124.76312,0.78530455,119.370384,142.51646,0.9058144,139.8932,159.33965,0.76965857,173.59247,187.29713,0.72524464,207.59358,212.05649,0.6216678,235.0834,231.73898,0.9216828
10,77.73519,128.363,0.8400623,83.703865,139.70815,0.82726747,88.502014,125.22839,0.7769041,122.08385,144.69981,0.89878714,141.42535,160.00499,0.74842274,177.196,188.32275,0.7319169,207.92256,211.57233,0.6283147,234.70235,231.9438,0.91137886
11,81.90238,124.641525,0.8286576,85.74629,136.6979,0.7964766,95.56482,120.59636,0.7899375,124.35005,145.91217,0.9198532,144.58008,162.27498,0.76294994,179.03105,188.71355,0.73333406,209.00914,211.89815,0.62757117,236.19005,231.86177,0.84861547
12,124.90787,109.00666,0.9609633,120.58859,119.94689,0.8912082,134.27356,114.85988,0.8910699,140.53763,150.3697,0.8164311,146.85905,175.85564,0.6632664,150.9346,210.39862,0.6610794,137.18765,247.16267,0.5206313,117.13435,271.47906,0.7932564
13,128.64934,110.47495,0.9571507,124.28228,121.81349,0.8649838,136.19899,118.21371,0.92601657,137.26944,147.86023,0.7683942,139.22305,181.71597,0.6263586,146.35608,223.22778,0.62372434,150.16182,264.1675,0.5979147,159.70425,293.3601,0.8445323
14,126.96349,117.81249,0.89625424,122.974106,127.23974,0.81464416,134.47359,125.27369,0.8597759,134.33914,161.5862,0.7396488,138.05383,192.27954,0.60817707,145.72462,232.09369,0.6280896,148.92511,270.75494,0.60568583,155.65129,302.51846,0.8114895
15,122.861786,122.533485,0.77789503,118.00025,133.30661,0.6869882,132.02562,131.03998,0.7133256,134.09294,166.93102,0.6905543,137.76363,197.03995,0.593004,144.66803,239.06763,0.6277811,147.93982,276.97455,0.5821898,154.60857,308.28,0.82076985
16,118.08886,127.157524,0.83829623,114.616646,136.8973,0.7445684,126.86886,133.87408,0.7480656,133.69272,168.63345,0.6876036,137.48892,202.02852,0.58926564,145.19589,242.5272,0.6482527,147.21103,281.475,0.5859658,154.01648,311.7155,0.7880984
17,118.9999,131.75208,0.8263146,115.20506,139.91455,0.773703,126.33208,136.70271,0.75642836,131.40488,176.9285,0.7159999,135.62158,206.45192,0.5950831,142.85997,246.09268,0.6361482,147.51218,283.65002,0.5896895,153.63907,315.5514,0.8065345
18,118.89632,133.08177,0.81975114,115.335236,144.06479,0.7366049,126.474686,139.92184,0.720362,130.46457,178.02806,0.71490103,135.41183,208.19722,0.5924124,143.76129,249.17413,0.64602506,146.86723,286.10986,0.6024446,153.47417,318.71274,0.86415404
19,188.4453,115.51814,0.8794152,180.14119,118.11094,0.86425084,189.43956,124.8286,0.8385983,159.64107,143.08246,0.5725572,141.34726,168.29413,0.49690574,132.53888,195.33316,0.64639103,125.877785,230.50992,0.5080315,123.23021,267.6729,0.77262616
20,244.6507,112.36987,0.89516705,233.89172,113.56569,0.9109616,242.9967,124.23185,0.88310295,214.37035,135.65118,0.57385147,189.24355,159.88255,0.48047847,163.06427,186.54553,0.57698023,147.92416,216.29825,0.46915188,129.60464,244.15555,0.85349435
21,256.07114,113.0967,0.87107736,245.04729,114.51579,0.9083217,255.18102,124.45402,0.86861134,224.39232,140.89336,0.58885574,204.22719,161.77205,0.5459985,182.00871,186.83102,0.578053,155.66685,215.68839,0.4841595,131.21002,239.0432,0.8486538
22,255.9534,114.1409,0.8680243,244.99835,115.57007,0.8982826,254.35684,124.82437,0.8750955,229.0745,136.08044,0.58628845,204.3533,163.25415,0.5363011,181.66171,192.30296,0.6088171,159.17247,218.2505,0.48625654,132.97499,242.85559,0.80853355
23,255.0361,114.835754,0.87022775,244.62439,116.5405,0.88467216,253.9597,125.92472,0.8693247,223.694,142.44063,0.5876213,204.0926,164.86314,0.53285533,181.67004,193.47798,0.61136323,155.18661,222.75627,0.5078531,132.57277,245.6449,0.8478784
24,256.3993,114.8552,0.8735923,244.52693,116.65146,0.90196323,254.29681,127.187,0.8660073,223.62245,142.34512,0.59685475,204.33357,164.97035,0.53584236,182.39452,192.45526,0.6347953,160.30557,215.28568,0.4078677,134.08864,245.94342,0.8064672
25,255.47298,114.88032,0.8805467,243.40173,116.7941,0.8926163,254.10226,127.47069,0.8567971,223.03613,142.8798,0.60377324,203.46133,165.88866,0.5227102,182.33022,192.94879,0.641729,158.14479,218.88373,0.41361144,134.27722,246.64487,0.80968106
26,255.24573,115.15021,0.8827633,242.39426,117.524376,0.8991213,253.70575,127.78566,0.85712695,222.78131,142.94914,0.6060861,199.42088,167.4959,0.52476656,182.29684,193.30583,0.6442483,156.863,220.0464,0.4165721,134.41264,247.2401,0.80376107
27,223.67247,112.55653,0.93020815,216.21413,121.7924,0.86685634,231.02432,123.702614,0.88523555,221.9971,151.30817,0.76462245,219.2825,184.92091,0.62675136,213.93005,224.57764,0.7007856,208.79532,266.964,0.6777166,222.61984,283.84543,0.89414585
28,222.87074,117.02753,0.9742295,214.80847,126.64504,0.8822032,230.52159,126.16488,0.9071164,220.4833,158.66158,0.7660054,218.83202,189.17993,0.59000015,220.12393,226.98015,0.69181174,215.58379,258.72095,0.50931644,215.05049,295.2519,0.7574705
29,220.77827,124.85462,0.8997284,213.59892,133.35559,0.80621266,230.41515,133.2326,0.8165741,220.13736,165.15599,0.74224776,218.07549,196.15842,0.59559655,219.55363,237.15724,0.70968735,215.68864,265.58478,0.5434733,214.6782,303.57968,0.75032765
30,222.81775,127.16055,0.89852965,214.97548,136.23497,0.80106413,230.03264,137.86598,0.8118127,221.27519,169.14134,0.714949,218.24722,202.03242,0.55750185,218.37015,242.81007,0.6940589,214.11879,279.93512,0.55141294,213.9888,310.23193,0.81809974
31,269.33813,180.26569,0.89816254,261.10495,175.94267,0.93918777,263.27383,188.6139,0.8691907,216.08633,188.0813,0.4888541,192.95895,194.19588,0.2961029,166.16426,210.36137,0.5381137,174.8352,241.89243,0.62092835,194.96365,251.00223,0.71712655
32,351.1919,143.77287,0.8216962,342.4015,140.75066,0.8701818,346.70187,153.14226,0.8110893,310.4993,162.35861,0.5471478,286.9633,171.26456,0.34538266,261.56226,188.14777,0.63930315,244.40404,212.2878,0.52250314,225.55295,230.78613,0.8876736
33,394.60837,128.49641,0.71268934,386.2269,126.92912,0.7999016,390.7303,138.98776,0.74188787,358.01965,145.184,0.5845022,333.001,157.57257,0.36681733,306.83252,168.76978,0.6296543,276.772,186.57666,0.6058047,249.43861,199.22008,0.8761963
34,400.032,125.550064,0.6708837,389.9512,124.377754,0.7345756,397.1009,134.69946,0.6783562,364.38412,146.80936,0.5945992,340.6274,157.50038,0.36854285,312.31735,169.44069,0.6063738,282.4323,186.55612,0.62960744,252.3603,197.94824,0.9082172
35,405.25055,126.38957,0.73347825,394.60855,124.65745,0.7974185,400.25348,137.36258,0.7714748,367.58777,147.35558,0.6072653,341.99863,157.17688,0.36980444,316.9256,168.8701,0.6031949,283.40503,186.83212,0.65016454,253.62065,197.68637,0.8961492
36,397.28503,124.47622,0.6202758,387.35495,124.98512,0.6467045,396.0215,133.57468,0.5917457,371.61832,150.73239,0.55823886,350.44702,164.60147,0.40648004,320.62915,169.69353,0.5612333,284.53842,171.11601,0.66040826,262.48557,185.98917,0.78400147
37,422.9237,138.23253,0.8170987,413.21793,138.01517,0.891483,420.11313,148.88612,0.8089305,394.54147,155.96568,0.5865044,373.25623,167.13963,0.4150627,352.28903,174.0652,0.61083126,335.3804,186.11295,0.49547622,326.14957,207.29646,0.75689447
38,421.15955,138.05678,0.8161882,411.15424,138.30302,0.8695253,418.1547,148.93307,0.80702996,393.41937,157.56519,0.592034,373.0796,171.48157,0.46514854,353.03528,184.92339,0.6805129,329.91135,199.90834,0.5965814,308.33972,211.40886,0.85784996
39,418.77194,136.81905,0.7694313,409.3792,138.67583,0.8274065,416.50223,147.80156,0.77854896,391.26434,157.2949,0.56876737,372.686,172.39227,0.46997094,353.5019,187.41885,0.66274494,331.57877,202.9587,0.6011828,308.84143,213.64207,0.86485565
40,417.13037,137.35889,0.7442711,407.4207,138.34082,0.8132293,414.79343,147.02815,0.75799775,389.89178,158.05194,0.5588027,370.3994,173.82654,0.4873171,353.7119,187.63243,0.67576194,333.77612,202.61111,0.584201,312.3412,214.1362,0.8705373
41,416.76007,135.83987,0.7533886,406.51993,138.18805,0.8142439,413.87823,146.77586,0.75763994,388.55667,159.15822,0.5568556,369.95312,174.59737,0.50265706,353.41046,188.39665,0.69589734,334.2696,202.89044,0.59340805,312.9879,214.64291,0.8847205
42,357.5138,127.41886,0.8897777,357.3185,138.648,0.8421923,366.67886,131.15404,0.838817,376.90366,159.09138,0.81556237,388.07538,175.14774,0.77467966,401.34564,195.53433,0.7700641,399.48727,221.35431,0.7310385,394.34232,245.88683,0.83293706
43,349.03217,130.58206,0.90046656,348.5383,140.55725,0.83965033,358.73224,134.46063,0.82408935,366.6323,163.29994,0.84383506,377.79276,184.41106,0.7264279,390.71063,208.7197,0.77122235,403.8288,235.8313,0.76061577,413.85553,253.7021,0.37660328
44,349.72577,132.72012,0.88941306,349.73114,142.50208,0.8244914,360.0987,136.67274,0.8213297,367.86057,165.65366,0.80865157,378.2702,188.45149,0.7076633,391.66132,214.886,0.716764,404.42752,244.4654,0.69163966,411.4794,265.16525,0.37563843
45,352.43265,133.27316,0.8920862,349.30145,144.2869,0.83431935,361.25165,138.59738,0.8259339,368.30185,166.83311,0.7842803,378.39285,190.12224,0.6881514,391.7326,216.84525,0.71267647,404.49783,250.40134,0.7087491,413.0607,267.24484,0.39655852
46,352.61996,134.09784,0.90609354,349.30402,145.44121,0.8310289,362.4045,139.14449,0.8266435,369.94974,167.47333,0.7652345,379.06662,191.90857,0.683301,391.427,217.74117,0.7100435,403.40115,251.2703,0.68415457,412.43082,268.86203,0.37308836
47,352.5556,142.94902,0.8860171,350.79874,153.87755,0.8584278,360.70068,146.5845,0.8411325,372.45886,172.15771,0.7790633,383.01062,193.83708,0.68471754,386.41812,224.02863,0.71720815,396.53143,258.21368,0.7756398,409.94562,267.7963,0.5288804
48,348.5291,131.67894,0.99099666,347.97144,139.80565,0.9334091,355.37665,131.74289,0.92056453,365.99432,153.73447,0.7650919,373.91248,168.91917,0.78775877,383.50177,185.88756,0.8201522,383.28296,203.95993,0.70491517,364.73572,219.68242,0.8440842
49,351.48395,130.84059,0.954529,348.16846,139.4497,0.8830302,358.7519,134.35666,0.8961763,362.16125,158.2803,0.7906112,368.46515,177.22174,0.7705771,375.5654,196.08638,0.8023869,378.6137,217.75272,0.7184457,386.7958,237.11848,0.90211874
50,354.0438,128.69681,0.91969264,349.75912,139.45201,0.8575006,361.2058,134.96703,0.87534523,363.20602,159.02573,0.80443543,369.09467,179.1693,0.7525368,373.63467,198.21039,0.7987957,378.8194,221.63026,0.7372945,387.31955,240.96107,0.90002406
51,356.8688,128.90512,0.92646986,351.67154,139.91331,0.8439956,365.52634,136.47983,0.86691195,364.04382,159.77957,0.80768955,367.87216,179.28159,0.73510015,375.03366,200.97594,0.811028,378.99005,224.86989,0.7253391,387.9811,246.75557,0.87904406
52,358.7695,129.49687,0.89282066,353.91257,139.61322,0.82329744,367.27652,137.36122,0.8481606,364.8389,160.35211,0.8075361,368.74042,179.54689,0.7459934,375.4157,200.57527,0.8170718,380.14948,224.61719,0.73187804,387.36523,246.00943,0.88170934
53,358.0002,131.31885,0.90331334,355.54724,141.16716,0.84592974,367.44525,138.08873,0.84588444,365.49686,161.40762,0.8083909,370.4226,180.14252,0.7626036,376.36005,201.78036,0.805928,380.7982,225.72923,0.73231435,388.36575,246.9145,0.8738112
54,358.0002,131.31885,0.7956221,355.54724,141.16716,0.776423,367.44525,138.08873,0.7588703,371.64133,156.38426,0.5772416,393.04816,153.86874,0.5492882,394.71045,180.06082,0.7297884,383.05832,198.3361,0.5329543,388.36575,246.9145,0.8415882
55,254.97075,192.76569,0.9348585,266.58865,198.90582,0.957658,264.21768,182.39346,0.9377632,304.269,185.13376,0.69364667,326.21744,186.48105,0.7694107,362.75174,182.36226,0.71248853,383.35184,157.88313,0.35874954,291.03696,184.19125,0.21775775
56,223.55942,194.57896,0.9558871,233.41296,202.89972,0.96154875,232.08438,186.6455,0.90577996,271.92642,193.33934,0.6649109,295.1109,191.20383,0.74218047,329.89877,192.62228,0.7326048,358.94858,189.11436,0.77528936,389.19836,183.3623,0.88946414
57,221.28546,195.284,0.9621435,230.86789,203.63937,0.9441974,231.21234,188.60547,0.8750237,267.62363,192.42671,0.6694668,292.2167,191.91478,0.7760661,325.18332,193.13896,0.73293155,355.16864,191.34186,0.7432557,386.97717,185.41019,0.89568716
58,220.20195,195.13554,0.96653193,229.87872,203.28578,0.960241,230.41634,188.51346,0.8715242,266.89496,192.08856,0.6692585,291.6815,191.67078,0.7844572,324.69415,192.92357,0.7459266,353.88098,190.94487,0.7420113,386.41043,186.24336,0.9155481
59,219.94402,194.87334,0.9691053,229.70584,202.87993,0.9632281,228.09601,186.6216,0.8740542,267.04596,191.73125,0.66708064,291.33902,191.63995,0.7710833,324.865,192.78741,0.73353755,355.04788,189.8659,0.7462322,386.58078,185.39925,0.90233207
60,212.7586,152.15446,0.9543897,215.2863,162.53159,0.9380579,224.21004,151.62187,0.89610255,243.69975,177.38487,0.9363049,258.89594,193.94194,0.8028108,285.26932,213.8976,0.8661907,316.37012,214.69594,0.7718649,345.9776,212.91714,0.9770544
61,157.58994,137.72026,0.8957291,163.3463,148.87378,0.88326097,168.70296,134.21935,0.83642876,200.5505,153.55495,0.86696684,221.97516,163.13219,0.78826547,257.6672,186.05986,0.8194846,284.03705,192.59567,0.74297166,310.7223,184.83478,0.8928715
62,154.69647,137.62816,0.92317283,159.60034,148.67728,0.9019469,165.28238,134.03958,0.8705068,197.98747,152.2803,0.869749,220.91295,165.15952,0.77317685,255.43607,183.3792,0.7866379,285.02386,194.90741,0.7248362,311.6193,204.14108,0.8907914
63,155.01917,137.54901,0.91847944,160.067,148.56297,0.89787006,165.71223,133.9349,0.86368144,198.04303,154.85172,0.8673481,221.65211,164.95343,0.77154756,255.5145,183.28679,0.80021816,284.5785,195.34932,0.7303305,310.11017,205.08636,0.87481934
64,155.7707,137.50636,0.91948503,160.88248,148.58466,0.9007511,166.58597,133.98341,0.85961384,198.4928,154.8273,0.87010884,222.18875,165.09215,0.75704306,256.2917,183.74399,0.80304366,285.79553,195.80832,0.7283466,311.81622,205.66243,0.8646182
65,156.35191,137.53491,0.91270655,161.49359,148.69797,0.8949016,167.13681,134.09624,0.84771264,199.06857,155.02985,0.86832005,222.48897,164.98172,0.7686254,256.49594,183.64091,0.8047576,286.02933,195.7699,0.72845054,311.99655,206.13033,0.8545677
66,156.69565,137.84676,0.9095586,161.95189,149.07759,0.8950417,168.87723,133.22226,0.8364291,199.39641,155.14076,0.86431736,220.91428,164.15463,0.7682614,256.8977,183.6705,0.8065418,286.30707,195.77167,0.7181895,312.6824,205.9884,0.85307634
67,157.16257,137.69113,0.9106308,162.44261,148.94626,0.8961948,169.26067,133.03375,0.84392476,199.59639,155.14555,0.86790764,221.48347,164.20276,0.76351386,257.41818,183.16591,0.79741776,286.06042,195.6549,0.72022074,312.73135,206.90305,0.86733186
68,157.25336,137.8405,0.9139467,163.32677,148.03224,0.88273275,169.29514,133.62749,0.8651601,199.13026,154.83357,0.8795774,221.44716,167.72087,0.76772356,258.61475,180.43503,0.76238203,288.49994,192.19568,0.7302476,309.0486,208.2974,0.85943097
69,108.799805,136.66301,0.8308341,114.55935,146.40129,0.846225,119.81152,132.57617,0.7950642,154.96864,154.57883,0.79773873,176.20647,162.00327,0.76119065,208.22736,184.0045,0.76745534,227.41942,204.1514,0.7857405,253.12848,213.3062,0.8635678
70,111.18399,135.75323,0.879939,116.887245,147.39232,0.87429976,121.964714,132.19408,0.8550479,150.52702,155.57535,0.8677613,173.1376,166.9199,0.72253215,209.93913,187.66576,0.76902235,237.34518,203.01732,0.73839164,264.29523,212.26729,0.9430036
71,113.90532,134.8939,0.889422,117.59174,146.21327,0.899454,124.01657,132.20044,0.88201797,154.93681,155.44238,0.8833414,175.9419,169.87616,0.7505648,209.81015,188.75758,0.77601594,236.9416,204.87997,0.6872057,263.80026,217.13815,0.93449956
72,114.096016,135.40465,0.9047631,117.82348,146.5592,0.91949356,124.49095,132.84718,0.8947433,155.20375,155.41673,0.8937137,175.96725,170.07124,0.74857694,208.5631,190.34157,0.77453035,236.64175,206.33675,0.66598797,264.4972,219.78885,0.935717
73,113.277596,136.67339,0.90547794,118.23432,146.59982,0.9221616,125.052414,132.95306,0.89510727,155.58925,155.72588,0.89235723,176.43985,170.18298,0.76004934,208.9506,190.78113,0.7840103,238.17508,208.23444,0.6725745,265.15353,221.60202,0.9529469
74,113.4355,136.72183,0.91615206,118.562515,146.65962,0.93239605,125.308556,132.94624,0.9005339,155.85928,155.8719,0.892801,177.03767,170.50891,0.75396407,209.34634,191.10724,0.79374254,238.3114,208.58705,0.686239,265.27692,221.609,0.9497361
75,90.23508,178.86546,0.9422031,101.33659,183.76688,0.9535948,97.350075,168.04967,0.8612819,131.54758,169.19426,0.7648679,155.64888,157.54517,0.71094286,193.4746,157.29462,0.7411099,225.48964,162.5404,0.7273782,251.83177,153.69032,0.91449666
76,91.55889,187.83405,0.94288784,101.70755,193.67143,0.9280565,99.20912,177.60762,0.8837316,134.03963,177.10724,0.734573,158.08778,168.68568,0.7504788,193.22035,162.25221,0.7409593,227.29189,155.85059,0.81121707,248.84319,141.83641,0.7193465
77,93.10123,186.70757,0.96527857,105.496956,194.41751,0.94454217,102.486496,177.53217,0.90909624,135.61386,177.50124,0.72988266,163.91217,171.75708,0.7249731,195.36653,165.00816,0.7324424,228.22824,156.36293,0.8294816,256.6571,145.93268,0.90161026
78,95.34428,189.27386,0.95191157,106.41388,194.38841,0.97135234,103.39695,178.5796,0.9429248,138.80737,177.00612,0.7191334,164.89032,171.95828,0.7589507,201.80908,163.21909,0.7400825,231.43375,157.23999,0.8261272,260.66373,147.24316,0.914578
79,96.26714,189.26292,0.9753751,107.55808,194.42184,0.98161024,104.4604,178.49538,0.95266867,139.24632,176.80421,0.72184294,165.5729,171.98239,0.7663428,197.34001,165.15036,0.73847115,231.1665,158.04839,0.81044227,260.67133,149.19641,0.9352947
80,98.00849,237.34032,0.94715804,107.767166,235.17545,0.93044925,99.83334,225.35373,0.8727205,126.59937,205.73288,0.74633735,144.43008,189.806,0.7814731,156.27751,171.44699,0.8518519,161.24016,152.17348,0.72294927,167.87251,130.5405,0.59744626
81,103.58593,320.98505,0.8915464,113.121155,316.38556,0.9215562,100.5166,310.95883,0.8647539,117.68474,276.7074,0.7209266,133.41248,252.86148,0.7892981,148.52985,223.04665,0.8213537,145.28958,191.0361,0.8015262,149.5885,160.82152,0.7769743
82,104.00863,352.9129,0.9262107,113.19284,346.07474,0.9362149,100.17875,339.78595,0.89373755,118.18942,307.5877,0.7181123,131.52689,280.1665,0.7649536,144.14195,249.9094,0.7674346,154.48596,219.83418,0.7665125,168.9205,189.1937,0.8838588
83,103.35939,352.9653,0.8617009,113.30577,348.4033,0.8894887,100.45949,341.01755,0.83607864,118.28714,309.483,0.7274981,131.45004,281.3199,0.7589022,145.86946,253.26567,0.81081516,158.7922,223.3133,0.7462843,172.77518,191.78804,0.8600675
84,103.81981,356.28818,0.85537505,113.403496,349.15756,0.8849833,100.16215,343.26816,0.8443082,118.35731,309.97223,0.7314191,131.59572,282.99094,0.75932616,146.48769,254.27084,0.80919796,160.33214,225.22014,0.774148,176.55623,196.89963,0.8743065
85,103.39044,356.56555,0.8575409,113.063255,349.51224,0.8847292,99.87802,343.47354,0.846533,118.70473,310.42676,0.73577553,132.48935,283.45328,0.75329685,147.56909,255.18365,0.8247559,162.15366,227.80002,0.7737814,177.81024,199.13615,0.8505409
86,103.32035,353.93546,0.86599165,113.37596,349.27032,0.8904735,100.22403,342.9089,0.85217047,119.08192,310.5214,0.745108,132.79155,283.7984,0.7564335,148.10747,255.71448,0.8259047,162.8839,228.49335,0.7688828,179.30257,199.54416,0.85472536
87,100.543236,364.99588,0.90568423,110.06198,358.90045,0.893648,99.13171,352.14606,0.8452947,120.53567,324.5894,0.7880286,131.76862,298.1029,0.75510263,145.42319,274.0582,0.7752533,175.1965,261.34567,0.73829037,206.44334,263.36127,0.9003631
88,99.247795,421.45776,0.85679513,110.03012,417.52307,0.81354934,96.37986,411.68317,0.79659426,117.63237,381.79456,0.729901,131.07776,354.11478,0.7856232,139.47644,325.76,0.76816344,153.05827,304.3313,0.8038504,181.08907,303.1865,0.89875066
89,99.639114,434.6325,0.8166197,109.518486,429.98593,0.8160418,98.72858,424.52505,0.79602665,119.59441,393.64648,0.7501845,132.48312,368.0521,0.76355284,146.60934,342.87814,0.7931175,161.18288,318.1923,0.8239546,174.21474,289.08142,0.83836496
90,98.825775,433.49295,0.83266395,109.15194,429.30246,0.82314914,98.56142,423.1063,0.7939909,119.61646,393.18256,0.75871795,133.15373,367.97485,0.7836161,148.62268,344.21844,0.82288134,162.8238,318.82504,0.83996844,179.01352,290.19196,0.85733134
91,98.76727,433.1996,0.82762295,109.181656,428.91055,0.8213104,98.52051,422.91455,0.78651214,119.654495,392.9522,0.75485164,133.23674,367.73352,0.7735753,148.92442,344.1563,0.82694256,164.31139,318.63522,0.83556604,181.51103,291.41342,0.8454413
92,98.03674,433.09604,0.8284946,109.02102,428.44415,0.81740165,96.59356,421.49866,0.78308135,119.56207,392.62122,0.75474423,133.19861,367.388,0.76850283,149.19211,343.34348,0.8276942,163.32922,318.6616,0.8449069,181.88457,291.70758,0.8540443
93,99.04468,432.28412,0.81594604,109.26972,428.19083,0.8151824,96.911865,421.49615,0.77452,119.625595,392.33298,0.7439208,133.09686,367.2557,0.7553844,149.47389,341.9538,0.7831061,163.61385,318.0644,0.8260164,183.48784,291.4404,0.83355904
94,98.24763,432.98328,0.8360334,109.09037,428.15384,0.83224934,96.838806,421.31552,0.793909,119.580986,391.90198,0.74283695,133.4145,367.61047,0.75173175,149.6481,340.87634,0.769873,163.71378,317.14337,0.83585966,184.11768,290.83215,0.84785163
95,100.89071,432.8777,0.831322,109.65036,427.91486,0.8394088,99.14078,421.7818,0.7920893,119.56339,391.63525,0.74575156,133.33737,367.33847,0.75113165,149.33061,341.3018,0.7791496,163.48274,316.71237,0.8250821,183.9405,289.94193,0.82733935
96,96.687645,380.63693,0.9188253,104.1771,389.53873,0.9218968,106.26321,374.2371,0.92928004,133.475,383.80743,0.7330207,158.49355,387.58304,0.8258458,189.56532,399.77097,0.8622681,207.97255,416.9342,0.7772548,228.76738,430.67816,0.9102527
97,94.919914,378.87482,0.92727166,103.237564,387.9932,0.9171448,106.04231,372.18805,0.9241797,136.41554,382.32916,0.7527205,159.89383,390.3332,0.7961897,194.14339,401.44742,0.7868401,222.52676,406.0787,0.7885959,249.31242,405.61697,0.91723156
98,98.960266,380.71735,0.97855085,107.0638,390.13477,0.9665961,109.47599,373.80463,0.93156636,136.93082,386.5455,0.744695,162.96307,391.90863,0.85548234,196.48656,402.05597,0.77114975,224.20624,406.1236,0.7617123,254.743,410.4847,0.9311493
99,100.89967,382.72186,0.9718581,109.97023,392.33563,0.9559001,113.10163,375.80194,0.9309162,140.6095,387.45944,0.7543058,164.49962,393.21146,0.8402374,199.7467,402.07263,0.76795745,228.85945,407.8882,0.7541964,257.53033,411.9622,0.92524207
100,109.580765,407.9511,0.9465272,120.20961,410.5424,0.8976587,116.13519,398.1309,0.8534528,140.62944,383.2308,0.6506139,161.88013,377.07062,0.74641204,190.85754,395.04355,0.79584336,210.26398,418.78378,0.79964316,231.71358,430.00693,0.86338735
101,93.24538,432.20206,0.9061737,106.34829,433.40613,0.87869996,96.85364,420.5824,0.8469722,125.66514,404.15182,0.79640824,144.81995,388.78552,0.7790165,166.1309,376.67432,0.8478411,198.35423,367.0158,0.9378762,207.81482,340.72763,0.84524155
102,94.41369,428.2181,0.9815455,106.646225,429.90747,0.9418192,98.60731,416.49353,0.8918842,129.35677,403.99185,0.81120634,146.78188,388.87097,0.80118304,173.92734,370.74332,0.8169778,196.8495,357.20648,0.8453188,223.22383,340.03098,0.9482299
103,96.430336,425.5846,1,107.70467,428.2938,0.9923918,100.78483,414.49753,0.9290092,131.7103,402.57205,0.79674804,149.42624,387.83218,0.8128072,175.28848,369.4466,0.8046738,199.95828,356.6221,0.7931223,227.82059,338.87204,0.92310256
104,97.402916,424.3311,1,108.82051,427.08798,0.9898056,101.89511,413.06424,0.92114985,132.87617,401.72968,0.7791448,151.36725,385.30933,0.7957133,177.24724,369.2579,0.7963843,202.80443,354.97388,0.75883794,229.4341,337.25827,0.9083111
105,97.83205,407.48517,1,107.868324,413.26556,0.9949955,106.12739,398.07486,0.96579087,135.3251,402.98813,0.7695809,159.33174,400.29047,0.8599198,181.25885,382.71918,0.7887038,190.91354,349.1422,0.79214585,214.18079,327.49075,0.8907947
106,95.05001,426.17618,0.9476555,105.90784,428.75537,0.9350109,101.02807,415.51584,0.8698127,126.83273,405.38937,0.79655236,144.83629,393.20786,0.8187605,169.96552,385.23587,0.87166613,188.72226,371.78433,0.75568163,212.56651,356.914,0.9362062
107,98.53891,421.62598,0.9960671,109.355156,424.46255,0.9929352,102.45473,412.2195,0.9379225,130.77971,403.6346,0.79255784,148.6607,390.56958,0.8325201,173.84174,379.05554,0.8700053,194.91945,368.79813,0.8599941,221.98233,356.08118,0.9689652
108,100.06734,419.67743,0.9578219,112.03719,422.37848,0.9573492,105.50685,409.77808,0.91180557,131.86061,401.80435,0.7743743,152.76799,390.25333,0.8139922,177.29317,379.94186,0.8513711,203.6449,368.3697,0.8225839,228.03032,354.0036,0.9519063
109,101.84849,418.2151,0.967823,113.44075,421.49084,0.9211136,107.68489,408.05493,0.90964067,134.33594,400.93896,0.7712442,154.90785,390.0942,0.80337083,180.07176,379.7841,0.86784613,204.89854,369.78336,0.7829354,230.33844,357.09943,0.9698346
110,102.55063,416.86115,0.95358443,114.512505,419.77463,0.9030882,108.96846,406.2826,0.8843352,138.07182,400.02322,0.75828904,159.62212,390.22653,0.8174481,182.53072,380.44952,0.8620951,207.30916,369.23636,0.81964654,235.8575,358.15292,0.9812104
111,99.01082,353.14035,0.9349486,104.16023,364.29526,0.9149192,108.99676,349.92996,0.8907231,133.10188,369.3739,0.7987427,154.98732,380.25577,0.8292289,177.39609,395.95175,0.8107034,186.66458,418.35355,0.6823997,189.86932,444.1607,0.81150776
112,99.04554,351.7423,0.95351225,103.691864,363.1003,0.9306134,110.0883,348.88846,0.90539336,132.70784,369.6605,0.8612082,155.16647,384.2907,0.8113406,185.8115,400.46335,0.811628,210.61398,410.3845,0.79464495,236.13731,418.41565,0.9136343
113,99.60336,354.60068,0.9814856,104.33154,366.09204,0.9534917,110.30378,351.20117,0.9204395,134.31631,370.16333,0.87228084,156.89781,384.12833,0.8304541,186.95926,397.89725,0.8186008,214.02856,410.2726,0.76976556,239.17479,418.5738,0.8926326
114,100.06407,356.71634,0.96472436,104.91873,368.26828,0.9361272,110.72834,353.0128,0.90283555,135.54576,373.39072,0.87007034,157.28644,383.55963,0.8106354,188.89394,397.9471,0.8156514,217.88861,411.17587,0.7601868,241.96185,418.67578,0.846461
115,101.78567,409.20773,0.99187905,113.40537,408.5377,0.9399208,103.80428,397.72885,0.9033439,129.61668,375.44315,0.7008414,148.59496,354.50162,0.6935029,176.53459,343.2313,0.8521199,191.75758,363.28088,0.56881195,186.03224,388.17477,0.79142404
116,97.89287,436.14,0.8047792,108.40742,433.99783,0.78572357,96.092575,424.34195,0.7875246,122.537476,401.0212,0.7265167,139.77303,378.28906,0.7161301,160.29514,353.7408,0.7181766,191.2496,340.1679,0.80186594,205.0359,313.82516,0.83063173
117,95.49989,433.82104,0.88487273,109.03325,431.83707,0.8545313,98.63814,422.01276,0.8348516,123.13665,399.01932,0.73490185,142.22533,377.6529,0.7300962,165.90823,354.88464,0.731151,187.34676,332.48904,0.7699698,210.61389,309.17767,0.9426678
118,96.80799,431.6163,0.8891534,108.11712,429.8212,0.87678444,98.03952,419.39746,0.8274989,123.704575,397.9412,0.7454768,142.57605,376.4055,0.73314697,165.37708,353.30548,0.74227065,188.4013,332.13376,0.7711887,212.4565,308.01224,0.96365327
119,97.759384,431.07507,0.9095247,108.21221,428.23352,0.8875648,99.92537,418.47903,0.8410399,123.83346,396.85687,0.7411709,142.95796,375.28998,0.738572,165.91426,352.1361,0.76625633,189.52614,331.0066,0.78031987,213.31682,306.9488,0.9325873
120,97.914925,429.88315,0.93423206,108.55202,427.14694,0.9224706,99.18451,417.53445,0.8548272,124.67307,395.95346,0.7492289,143.89261,374.37738,0.731303,166.26015,351.73602,0.7709741,189.23059,331.32242,0.7658283,213.64116,307.83426,0.91839635
121,97.501526,428.99796,0.9406001,108.06626,426.3785,0.9150611,98.96243,416.90686,0.8592776,124.68859,396.03967,0.75457114,143.80438,374.4405,0.73151374,166.05334,351.67245,0.7697541,189.24228,331.25684,0.7502284,213.82135,307.26822,0.86663747
122,99.34231,354.81277,0.95572424,103.24941,366.82965,0.92672324,109.57034,353.28052,0.9210462,134.09799,377.7635,0.8772041,154.53958,389.26752,0.7753693,190.08595,399.89536,0.75717,212.03297,410.97867,0.7346673,226.32484,430.5861,0.91589564
123,98.11145,352.06738,0.9473389,103.63452,363.46875,0.9389329,109.593285,347.9131,0.9192911,136.71365,367.16,0.8510842,159.39311,381.49622,0.8142863,192.5344,396.97684,0.78692317,222.91144,411.06046,0.7348749,248.538,419.23755,0.9062197
124,100.20342,354.5777,0.9922045,105.945724,365.591,0.99042475,111.21827,350.06647,0.9105334,139.1595,369.49704,0.837818,161.69427,382.2297,0.81721675,194.85669,396.45703,0.8132101,223.63614,408.14944,0.73757297,251.93723,416.90762,0.91690576
125,101.5786,356.15982,0.9800119,107.86286,367.3345,0.9551961,113.95178,350.62338,0.91207635,139.33017,368.93268,0.83233327,163.46028,382.42874,0.81019396,197.08682,396.30887,0.7553763,228.26253,406.86053,0.72078675,255.36272,416.63196,0.87189364
126,102.89353,356.51245,0.96017283,108.663925,368.0461,0.94694746,114.69829,351.49734,0.9227577,140.39754,369.69205,0.8215684,165.34848,382.71854,0.79253376,200.15067,396.01117,0.7625989,230.57956,406.1686,0.72501737,258.13013,415.3082,0.89222366
127,102.09839,357.95663,0.95812327,109.529884,368.7942,0.935862,115.15008,352.08105,0.917228,143.35071,371.8121,0.81795144,166.97353,382.6517,0.78216404,201.17204,395.85263,0.77358705,232.32784,405.84927,0.7186803,259.20624,413.59314,0.8640393
128,102.486984,358.5988,0.95919317,110.24582,369.49402,0.92543614,115.68386,352.3964,0.9191328,144.98088,372.20807,0.8168154,168.25002,382.89798,0.7957757,202.55302,395.85583,0.7693821,234.90346,406.61954,0.71656287,261.68335,414.32373,0.8908483
129,115.00333,340.66904,0.97372574,116.779366,350.66113,0.92683107,124.578766,340.68182,0.9233273,143.61324,369.08478,0.8498008,156.14735,389.083,0.70359325,179.00385,418.47342,0.77995014,206.18799,426.4437,0.79428643,222.2948,403.24518,0.895703
130,95.99855,362.05093,0.93898064,103.60311,372.0802,0.9317847,106.7831,356.3066,0.92716295,136.3209,368.9892,0.8005508,161.26424,377.97382,0.8207207,193.98654,386.16794,0.7992397,222.75218,393.37408,0.75452614,244.07228,408.68484,0.9222579
131,98.21183,364.61963,0.9518772,105.75935,374.87103,0.9314065,109.09576,358.88806,0.9099357,136.9093,375.16052,0.7906877,160.80032,382.07397,0.84444356,195.31174,388.71805,0.7755457,226.14912,397.90714,0.7012929,254.17278,403.60263,0.9097835
132,99.5083,366.48727,0.9319047,108.04988,376.54727,0.92172074,112.37282,360.3879,0.8672708,140.05295,377.44855,0.77255684,163.76178,383.9718,0.81932116,197.60924,392.61893,0.7304976,229.48837,398.61093,0.67647517,258.3031,403.75693,0.89117646
133,101.35168,368.0549,0.93240684,109.227264,378.5198,0.90816045,113.620895,361.38828,0.8792246,143.30423,376.08868,0.77990544,166.24437,383.4432,0.7848338,201.76222,394.04425,0.7487165,231.8244,399.08722,0.67240447,261.32037,404.80948,0.89954454
134,102.36836,369.7842,0.9589512,110.269844,380.0231,0.92193043,113.05281,363.31985,0.87619615,144.97754,376.8839,0.7837622,167.41534,383.87146,0.78694236,203.16113,394.31604,0.74927056,234.12149,399.20618,0.6625363,263.77798,404.81482,0.93700534
135,119.0454,458.26846,1,130.34647,453.24832,1,117.222565,446.43872,0.94626135,137.85449,422.12375,0.8202897,154.36443,398.46024,0.8081437,169.41582,370.32724,0.7918341,162.86195,340.3232,0.7350174,161.63254,308.12683,0.8593849
136,119.61815,457.92383,1,130.8801,453.17795,0.9756688,118.063614,446.1416,0.9287671,138.18353,420.36246,0.78728443,155.26108,394.61014,0.75585604,176.7614,369.84045,0.81404006,177.65327,341.69992,0.78081816,173.98976,309.9598,0.8595848
137,121.087685,456.2491,0.99410844,132.3548,450.40192,0.97059476,119.64691,444.34216,0.9034312,141.30562,417.07568,0.7810105,155.67989,392.0741,0.80005956,171.93066,365.3709,0.79460454,185.21025,337.22327,0.7845446,200.27087,307.26517,0.9067105
138,122.46403,454.36667,0.9646892,132.9378,449.42996,0.946197,122.125565,443.68115,0.8810499,142.74062,415.05066,0.75398093,156.51106,390.78198,0.8005583,172.7482,363.05804,0.77979714,185.96848,334.89853,0.79102105,201.86543,305.92395,0.8951513
139,123.12757,453.35303,0.95788413,133.54086,448.63614,0.9378836,122.84932,442.6702,0.88864815,143.05864,414.3773,0.746901,156.76578,390.26013,0.78784794,173.51616,360.86063,0.7891145,186.48619,331.80298,0.7690083,202.59972,302.20834,0.8399526
140,122.20508,453.5377,0.956804,133.8727,448.85336,0.94130546,123.2048,442.0582,0.888409,143.18028,415.8257,0.7417623,156.80487,389.7002,0.7885323,173.26271,360.5986,0.7901109,185.99852,331.87482,0.77175593,202.44186,302.85825,0.8470265
141,122.36964,453.04947,0.95204836,134.0964,448.3356,0.946213,122.52325,441.71317,0.88320166,143.09117,415.54236,0.7446794,156.71661,389.54117,0.7856684,173.40155,360.26913,0.7861211,186.15215,330.9326,0.7534363,202.84473,301.3804,0.84590334
142,122.39781,452.7528,0.95283806,134.16571,447.99808,0.94662654,122.57693,441.4556,0.885333,143.0995,415.372,0.74513733,156.71979,389.39792,0.7841694,173.19525,360.1405,0.79347533,185.96132,331.97064,0.76130277,202.45383,301.4131,0.84667605
143,122.670784,452.56274,0.94798607,134.41821,447.74356,0.95320195,122.846,441.34366,0.889585,143.08736,415.10974,0.74553365,157.35754,386.78366,0.79436034,173.43701,359.22977,0.77715456,185.87755,330.62628,0.7573736,202.22987,300.4438,0.8418161
144,123.26955,454.20172,0.93598753,134.42703,447.57782,0.9413927,122.93055,441.06564,0.8800181,143.1197,415.11694,0.7405629,157.43513,386.9911,0.79053843,173.03856,359.3808,0.7872104,185.42769,331.50546,0.7435034,202.01765,300.85355,0.8405579
145,95.4967,408.17282,0.970704,103.60739,416.37695,0.94867146,104.89103,400.24634,0.94636464,136.56314,399.7504,0.72306854,159.89807,399.86722,0.7808678,193.68295,418.0484,0.8175805,224.18321,428.8041,0.7741819,245.22375,415.38165,0.7672926
146,95.56109,408.51614,0.93509156,103.85561,417.36444,0.9039953,105.42196,401.1443,0.9281604,135.90031,408.85904,0.7673121,161.93701,408.04663,0.8287634,195.95312,409.58282,0.7922271,224.89949,406.02554,0.8010856,258.21454,404.38287,0.94163907
147,96.89765,411.57996,0.93456453,105.67311,419.16556,0.9289284,106.127106,403.36307,0.9224532,138.09773,410.73535,0.7630711,163.0647,409.29742,0.80641305,200.6402,410.99515,0.7406161,232.52551,410.843,0.71844,264.18976,410.01492,0.9006126
148,98.47983,411.70425,0.9579413,107.660095,419.35254,0.93971133,107.893585,403.24576,0.9168952,139.92004,409.75555,0.74370885,165.31456,410.03525,0.7831234,202.82307,412.25427,0.7231136,236.88774,412.7148,0.6676795,267.3336,412.1225,0.9030635
149,99.26809,412.84692,0.95301586,108.769615,420.58658,0.93047357,108.72959,404.13895,0.90353227,144.37578,410.79382,0.733984,168.69785,411.42828,0.7455355,208.29301,415.37814,0.69576997,238.60875,414.9835,0.665894,268.41974,413.02704,0.8892331
150,93.91741,435.30774,0.8262748,105.95182,437.14014,0.8410151,95.76352,425.0075,0.7820511,129.24815,408.54358,0.739333,148.83736,391.3922,0.7307225,177.27278,379.7577,0.7087884,217.26704,376.3073,0.8082752,238.20335,358.23404,0.8821287
151,93.58871,430.6641,0.88902926,106.894295,433.86172,0.856372,98.49402,419.49527,0.82007074,132.46214,409.29144,0.7425841,154.08049,390.2805,0.7182035,181.39787,373.5656,0.74649155,210.88942,355.62466,0.77353907,237.96994,338.30768,0.98425376
152,97.434685,429.7035,0.9413392,108.414894,431.97406,0.92664135,101.846466,418.07617,0.8969351,133.13416,408.494,0.72736394,155.17477,389.0905,0.72296906,185.15076,369.40018,0.72394097,210.82552,354.24454,0.80482894,238.8269,337.2315,0.9170799
153,98.05492,430.5776,0.95301247,109.414986,431.1888,0.9430661,101.85107,418.307,0.920303,133.8244,404.97543,0.72676015,156.15427,388.71045,0.7193271,185.95795,369.32053,0.7348972,212.14804,353.28632,0.83007365,240.38443,334.36566,0.8762355
154,98.552925,430.51486,0.95712215,110.04074,431.0729,0.94432044,102.29362,418.15848,0.92565435,134.4658,404.38593,0.7284402,156.84778,388.40015,0.707126,186.3006,369.1031,0.7377001,212.43416,353.11746,0.8338368,240.46492,334.10834,0.8726603
155,97.796585,429.55286,0.95709664,110.36509,430.73846,0.94693816,102.623276,417.72852,0.9251988,135.08868,403.66873,0.7212213,157.8952,386.0067,0.70555747,189.08981,368.07086,0.7541933,213.98798,350.9558,0.84327966,242.15543,333.57806,0.8607431
156,98.68098,428.6885,0.96549755,111.02386,430.12677,0.936093,103.5609,417.10205,0.9174506,135.22478,403.39655,0.72555184,157.97745,385.71707,0.7123406,188.94614,368.3014,0.7464321,214.49545,351.64233,0.8332855,241.55135,334.32605,0.8549128
157,121.51705,337.679,0.9777544,121.65623,348.80795,0.9274479,131.9236,339.83145,0.9196266,148.18713,370.857,0.86841404,161.1887,387.9367,0.7360581,181.70554,415.73233,0.771845,199.03925,441.60007,0.81135714,222.0172,445.60602,0.78054
158,97.64036,278.0591,0.9512008,95.13578,289.36136,0.8509122,106.74525,282.9815,0.8605113,119.98229,320.28015,0.8662854,130.53143,340.52866,0.70230615,148.97829,371.69415,0.72853816,168.28824,404.7302,0.7562957,190.1385,418.4987,0.9069542
159,97.7853,269.05383,0.91074187,95.805565,278.88635,0.8341863,108.87063,273.72464,0.82416475,118.256714,312.94418,0.7890903,128.99242,334.86832,0.6804943,145.47078,363.58954,0.7341483,162.29007,395.59296,0.6939284,180.94072,418.25204,0.8291037
160,96.6351,264.9499,0.8731219,94.91224,276.68625,0.7801228,105.62302,270.6294,0.7778053,118.29155,309.01822,0.8084984,129.2723,335.1562,0.64720905,145.27342,362.85922,0.72846293,162.37976,395.64218,0.68747026,182.35597,416.7996,0.742078
161,97.384415,262.29373,0.90119994,94.78996,273.0342,0.79070294,107.17183,267.50348,0.80205405,118.24888,307.40744,0.8027688,128.96043,333.56747,0.64510363,144.76682,361.22018,0.7379229,160.12334,390.24765,0.66069996,180.11127,415.86398,0.7882806
162,96.85387,261.5536,0.88871086,94.43322,272.20984,0.7922972,105.85573,267.0555,0.80248934,118.39861,306.88593,0.79436797,129.09514,332.80765,0.64000726,144.17694,359.95392,0.74418885,159.37195,389.32773,0.6671884,176.2362,415.35596,0.7837287
163,96.94416,260.59726,0.8765789,94.45642,271.2362,0.7985579,105.85273,266.07593,0.80466044,118.42691,306.10834,0.7886146,128.3753,329.85974,0.6419293,144.42398,360.56375,0.7297512,160.24472,390.41202,0.66011167,179.23018,416.49826,0.7580126
164,96.340004,260.73718,0.8715083,94.6008,270.6502,0.80097,105.92957,265.3672,0.8072062,118.18788,305.23413,0.7903299,128.11633,329.03647,0.6498587,143.44675,358.34232,0.7266148,158.62408,388.68216,0.6584575,176.18555,415.9059,0.847537
165,96.47971,260.50076,0.8738931,94.65316,270.43826,0.8046758,106.042984,265.18585,0.8105444,117.29839,300.62442,0.7959541,127.84002,327.98352,0.6512024,143.75536,358.39908,0.7104524,159.06036,389.07538,0.6603716,177.30814,416.43207,0.83371574
166,95.92075,260.59476,0.86189157,93.77921,271.12973,0.7931315,105.459625,265.08707,0.80464435,118.34838,304.49475,0.7963226,128.0147,327.9722,0.6519091,143.8457,358.42438,0.706833,159.39934,389.09546,0.6585109,177.80965,416.5217,0.8258475
167,95.92075,260.59476,0.9254754,93.77921,271.12973,0.90953714,105.459625,265.08707,0.8986917,121.97863,305.72006,0.3151672,110.90193,373.14957,0.3277365,117.550255,378.36157,0.45894238,126.06822,373.94574,0.89223427,177.80965,416.5217,0.8875284
168,96.85387,261.5536,0.9316055,94.91224,276.68625,0.8798988,108.87063,273.72464,0.8558597,164.12802,230.59056,0.6498554,154.03906,258.36597,0.57478464,148.4792,290.858,0.672385,134.14838,322.2866,0.5314995,177.30814,416.43207,0.4328947
169,191.0914,160.33006,0.8697036,182.19489,165.7255,0.8276766,194.84564,170.35803,0.8123857,173.08376,199.96071,0.6519522,161.0239,228.76117,0.56528556,151.83578,261.48462,0.71019244,140.55081,292.29987,0.6079922,130.87706,321.74734,0.8144387
170,193.81921,149.37505,0.939927,187.16302,156.7387,0.8844276,198.83345,161.31218,0.8273197,178.0513,190.30518,0.63697493,162.94806,221.31119,0.5451145,154.16368,253.6931,0.72655004,141.99641,285.7,0.61197263,133.0359,313.0579,0.83208656
171,195.6368,146.49913,0.8806015,188.16838,151.90034,0.84710497,199.30446,156.02278,0.84251356,178.76613,188.29594,0.5874238,165.98557,216.10011,0.54103637,156.18805,248.88487,0.6932857,143.55244,279.5823,0.6163443,133.41846,308.80005,0.8584174
172,149.91264,131.53922,0.88781184,148.58453,141.26407,0.83834875,159.1663,135.88484,0.8314094,171.34654,169.07025,0.7579902,177.18597,194.83694,0.6445519,184.07683,226.19046,0.7299759,199.68834,258.65692,0.7657105,222.74736,272.62006,0.9521555
173,73.87749,130.19283,0.88027793,79.96106,140.75858,0.89253134,83.571075,124.92427,0.8296076,118.68686,136.31792,0.8191672,140.47433,149.63284,0.75690746,176.35854,169.84967,0.7941279,208.22258,172.18953,0.7044099,241.67258,167.33965,0.97815526
174,73.94503,133.83363,0.8905297,80.6553,144.42978,0.8923576,84.00758,128.14752,0.8516624,122.30852,139.58656,0.81685376,145.68633,150.35637,0.75977653,187.11287,165.17097,0.72569734,224.13441,178.70012,0.6847639,248.60759,186.5852,0.7256997
175,74.14674,134.56084,0.888576,81.76871,144.97069,0.88505185,85.72801,127.85011,0.8467223,124.72866,139.46355,0.8231837,147.85814,150.12724,0.7751593,188.2169,164.50455,0.7099465,226.33012,177.12299,0.6582028,251.68668,184.49971,0.7553998
176,73.682365,135.5366,0.90683794,81.860435,145.05635,0.9229752,84.94203,128.76378,0.87438875,125.11485,139.17943,0.8045129,150.08519,150.19943,0.7585478,193.85205,167.20078,0.73194915,225.60454,174.34708,0.6687186,253.17447,183.15002,0.7341057
177,74.89473,133.81747,0.88904303,82.05149,144.3782,0.88930076,85.01897,128.11597,0.8495728,124.78386,138.72224,0.78881526,150.01515,149.764,0.74662733,194.35912,166.98943,0.6934367,226.93433,174.06754,0.66406035,255.82552,182.33214,0.7467865
178,75.04324,135.22485,0.88103443,83.324295,144.66943,0.8601537,86.04071,128.45293,0.8348342,126.8955,139.31262,0.78593546,153.74693,149.8397,0.7591977,193.94652,163.42262,0.7582494,225.46501,173.02687,0.68703425,254.8914,181.93379,0.87513846
179,75.618004,134.49355,0.9061107,83.76556,143.98485,0.87934566,86.5741,127.736755,0.84506214,128.17914,139.17477,0.78467363,153.48967,149.35625,0.7630183,193.52014,163.0995,0.7454103,226.62793,173.33298,0.669985,255.83954,180.38786,0.8511955
180,78.37604,132.64221,0.8667478,86.33177,142.24313,0.8612379,90.31732,126.528595,0.8157207,130.29851,139.72037,0.81317234,155.00928,149.41396,0.76654154,194.59644,163.03561,0.7689984,227.87415,173.20709,0.6782591,257.2574,180.2168,0.90930116
181,74.27913,176.97537,0.73617643,85.07303,180.38564,0.6950196,78.08038,166.22147,0.6408059,108.65364,161.11395,0.6896375,124.6134,147.62677,0.81545174,138.29051,143.9884,0.6246309,147.91066,138.66339,0.29598215,140.53676,130.94604,0.39286304
182,71.434494,191.82335,0.8089097,82.26034,193.81,0.7563852,76.293434,181.1141,0.75120986,108.90778,174.19028,0.74302006,128.14,161.00754,0.7974437,144.05127,154.0297,0.892583,159.00534,146.43044,0.66993135,176.28763,130.68593,0.51696855
183,71.60292,189.64207,0.8355081,83.796364,194.18706,0.7815831,77.9359,179.5061,0.7653569,110.18846,174.14243,0.7471363,128.5571,161.58736,0.7811178,147.14381,154.03658,0.9059058,164.92352,147.09978,0.6883409,184.09512,130.79878,0.48907912
184,71.68748,189.93382,0.8271951,83.87352,194.76213,0.7721335,76.98824,179.67671,0.74688566,109.77878,174.1233,0.74469995,128.05992,162.05757,0.79023874,147.63562,154.36371,0.90456367,164.95782,146.56842,0.70136,183.17044,131.05489,0.53239596
185,71.779205,189.23924,0.82905155,83.98686,194.46664,0.77187705,78.08726,179.1099,0.7514478,110.68044,173.82849,0.7557102,129.60114,161.75517,0.7942757,148.59395,154.03148,0.91050005,166.63127,146.75587,0.6887722,186.08122,131.29129,0.53401136
186,71.74129,188.2351,0.8433215,83.74101,193.41277,0.79258543,78.14447,178.56355,0.78777516,111.13756,173.62593,0.7532097,130.38463,161.33534,0.77937925,149.17537,153.85478,0.9055481,167.02269,146.54747,0.67957985,186.93268,131.11354,0.5355543
187,72.68444,194.00204,0.85486805,84.56855,196.48155,0.8114145,77.642,183.38744,0.7800535,109.343315,179.25494,0.7663252,125.04428,167.24567,0.8057331,136.75925,158.47928,0.87238437,145.29047,144.90439,0.54772764,153.4417,126.47513,0.48286542
188,64.58842,271.13055,0.8835507,76.34062,267.01236,0.8498098,65.01103,258.94617,0.8102912,84.24822,242.4582,0.6134248,100.31119,218.26376,0.67124796,116.755486,193.83545,0.7350199,126.192856,163.38138,0.7549201,155.75261,151.73955,0.95685565
189,62.79681,313.45825,0.8142093,76.12853,310.2899,0.7920663,61.704994,303.64413,0.7327462,80.91426,286.40884,0.53212506,94.61155,259.18362,0.49508572,113.60905,215.07228,0.7232573,122.96818,188.39076,0.7588592,136.24327,157.14537,0.8986013
190,62.734276,318.65805,0.8109155,73.11487,315.275,0.7788096,61.497684,308.5939,0.7606621,86.86403,298.11398,0.5359263,103.939064,239.73027,0.5242767,113.697975,218.12994,0.75552684,122.68658,194.67352,0.74318624,133.97823,162.6212,0.9291538
191,65.06371,323.9109,0.8345849,76.92699,318.15012,0.82965785,62.590046,309.68536,0.79921824,87.7217,298.5343,0.5537299,94.84676,254.91344,0.4788181,113.32641,223.20984,0.7438351,123.573975,193.24947,0.72513384,134.72453,163.38824,0.9452638
192,70.051155,325.58563,0.8663091,80.34287,321.2347,0.8344909,66.20346,314.78735,0.7850207,87.08429,300.0792,0.6044545,102.749,242.12068,0.6020508,114.544334,222.39308,0.78047305,122.762665,195.72636,0.73671705,134.34212,165.08994,0.873984
193,69.71266,326.38602,0.87189895,80.88927,321.88617,0.82486624,66.8343,315.66183,0.7803169,86.49377,300.8046,0.60512155,102.666046,242.64742,0.575045,114.20773,223.05438,0.7727922,123.30466,195.60686,0.7293763,135.86359,164.77719,0.88522077
194,114.34119,358.21677,0.86396986,123.31866,355.54938,0.8502178,115.48664,351.19873,0.7979968,107.61607,319.08804,0.43555528,114.68513,306.05957,0.23560621,23.240427,18.862692,0.1752496,126.520424,335.2324,0.19575371,100.37665,309.04916,0.22249113
195,131.55217,419.58017,0.87133515,135.66316,411.15204,0.88517356,125.25452,412.8242,0.8602137,116.563225,376.63385,0.6222289,113.77234,356.37537,0.60779977,110.44867,353.82565,0.32525542,118.80638,405.6404,0.17750202,113.34975,373.9337,0.31005582
196,136.27812,432.27652,0.87343293,141.98451,422.1896,0.87270737,128.9468,424.4065,0.8196392,120.34527,390.2162,0.5391732,117.9122,371.58475,0.6031697,115.73056,359.42163,0.55482423,104.45958,349.7349,0.29838738,104.44064,331.15784,0.32839817
197,140.37042,437.76547,0.88792026,143.54274,428.68008,0.8824455,131.56017,430.4234,0.85261875,122.35765,394.15756,0.58005476,116.73413,372.826,0.6172931,116.40171,365.16614,0.6125725,106.398926,353.24225,0.29008985,105.05471,332.5284,0.3029278
198,139.78677,439.7158,0.9177096,144.92494,430.8493,0.91258913,132.62468,433.58047,0.86329305,123.25015,398.23547,0.5645213,116.282776,373.3051,0.635815,116.739,365.52664,0.6513828,107.81341,357.44852,0.22938725,122.24378,399.47278,0.2525482
199,141.84344,442.1283,0.95058864,146.88007,432.3216,0.94965804,134.08794,435.96066,0.88621163,123.280426,399.42532,0.564117,116.7384,375.025,0.5494003,115.53545,365.3378,0.7026441,106.022804,352.7478,0.44895357,104.13954,332.61548,0.51612
200,82.12524,479.52054,0.8669667,94.35924,475.40622,0.83011234,80.36344,467.87424,0.81183743,107.83598,437.83475,0.76214075,121.3283,415.03992,0.80397606,133.89017,383.1294,0.75392604,118.25217,327.94226,0.3178935,114.009796,308.07977,0.60913336
201,74.865364,487.07233,0.9181662,84.40838,482.48563,0.87441415,72.088066,477.04684,0.81721675,100.12021,443.15414,0.6581757,111.79338,417.1387,0.7811328,128.17694,385.91888,0.7048957,135.73952,349.94797,0.7288041,157.60455,319.4657,0.6608236
202,76.98852,483.70752,0.8919253,86.3475,479.85687,0.8587246,72.16554,474.9068,0.846614,90.28887,445.49112,0.6003184,105.835106,424.5864,0.75428814,125.08598,391.12592,0.63192064,143.5675,345.5615,0.6861482,157.63776,311.32434,0.85493463
203,76.901115,482.10742,0.8944722,87.77494,477.346,0.8799847,75.995605,471.46686,0.8383026,97.19316,436.2034,0.7091299,109.611694,412.85068,0.8083878,126.912224,382.13312,0.72114575,142.03647,342.3851,0.6827177,157.63321,308.62775,0.8043672
204,79.65889,480.90002,0.8245134,89.04632,474.62534,0.8224399,77.57331,467.62457,0.7951369,96.682014,435.07437,0.67183346,110.33323,408.8183,0.763824,127.85726,375.7817,0.67578167,143.83122,334.5117,0.70797735,158.49641,302.86557,0.79362285
205,71.30955,482.7528,0.84909075,82.40916,480.47144,0.7973901,72.69443,470.97034,0.7936741,102.905815,443.65558,0.73243105,120.87409,424.69788,0.7650548,147.1018,405.13498,0.6656865,171.63939,374.2319,0.6322272,185.78204,339.72903,0.84671074
206,75.46111,478.46368,0.81059366,87.34961,476.84036,0.7573011,79.09246,465.50186,0.73600227,111.08652,443.2328,0.7691438,127.89658,423.70276,0.7750697,154.16682,399.03445,0.67131495,181.85945,367.88464,0.7241473,205.0385,341.57986,0.8798425
207,77.14969,474.88577,0.8824994,87.686554,474.77594,0.8724094,79.91249,462.99506,0.8092665,111.94867,443.66907,0.75986546,130.64917,422.4095,0.74471176,155.58034,397.6078,0.6487564,183.15088,365.97913,0.7111716,208.76456,340.28183,0.87107265
208,78.69684,473.8002,0.9240393,89.988235,472.45554,0.88448,80.53084,461.7524,0.8365146,112.479546,443.11072,0.74532497,132.31339,417.81525,0.723801,159.13535,392.03384,0.66059947,184.32622,363.86368,0.68748707,211.5398,338.01434,0.8795602
209,81.12029,471.8222,0.9690488,93.76786,471.60974,0.9207152,81.95464,460.93628,0.86043286,115.302124,441.6195,0.7315148,136.94667,415.39166,0.73915005,160.2522,390.10867,0.684615,188.03883,362.1521,0.67926276,212.67328,336.42923,0.85774255
210,76.27978,475.59354,0.9717644,85.824585,473.7681,0.97888607,77.18569,462.50812,0.9207951,106.87074,442.87048,0.7431859,129.89948,424.9662,0.6935097,159.54453,418.4928,0.65368366,207.398,418.47366,0.7139471,231.77728,401.52527,0.8396228
211,77.07712,476.1742,0.8578054,87.82948,476.11075,0.8518456,80.107025,463.53415,0.8064815,113.64886,445.3208,0.7085997,133.17398,431.66724,0.7766236,162.66278,416.92828,0.7211003,205.27182,400.74194,0.73146266,221.89359,373.26007,0.85008097
212,77.08935,473.27203,0.8487539,88.483025,475.35834,0.82511985,81.1608,462.13013,0.7670762,114.965225,448.425,0.7035739,137.21304,432.7146,0.7717469,169.07143,416.93796,0.7233689,200.38225,395.5195,0.7190672,231.37866,376.48242,0.838962
213,80.2879,470.27576,0.9108643,92.16992,471.90274,0.8698764,85.50709,459.98315,0.80465364,119.947876,448.02002,0.6904175,140.39525,431.58414,0.74058366,174.0528,416.0146,0.7355691,205.30122,395.7235,0.68797386,234.82935,376.98917,0.83925647
214,81.82065,468.54346,0.91381615,93.81669,470.9492,0.87971675,86.21338,458.36334,0.8349347,122.9398,447.8967,0.6807994,145.94106,431.4187,0.70789886,177.37596,415.05814,0.74695104,207.87698,395.4078,0.76002824,237.90129,377.88266,0.8703485
215,83.938446,478.14737,0.8992894,94.90043,474.94843,0.86397904,83.04755,465.49402,0.83086216,106.490204,444.6152,0.77479345,118.74971,424.14078,0.8511548,138.80524,406.84198,0.72944385,176.5505,396.32892,0.75627893,203.8238,379.6125,0.8658501
216,81.85649,466.93707,0.83288294,93.22742,465.8651,0.82209665,80.937454,455.04492,0.83915365,106.511696,437.52786,0.83521664,121.55739,414.41776,0.8257376,138.33434,389.4,0.7568387,160.6626,363.9954,0.7915063,168.64648,331.51938,0.8210348
217,84.38525,462.2901,0.78707916,94.99369,460.30463,0.7657516,84.71171,450.29016,0.7534256,110.96309,428.789,0.7604762,125.63309,405.61276,0.76644754,142.87708,378.3996,0.74889785,159.69958,352.02838,0.753474,177.92674,323.9298,0.8386361
218,151.6489,442.4279,0.9617693,154.2268,435.859,0.9580458,144.74292,438.3435,0.8962401,143.73956,420.9828,0.41870332,120.00358,412.20465,0.27462816,115.30613,369.13428,0.50549567,124.83072,368.1944,0.68841904,148.5374,372.80536,0.9471396
219,185.07744,459.71378,0.9764603,186.71977,450.25,1,175.92592,456.95493,0.9117298,167.28995,435.9612,0.6349191,154.8617,432.53552,0.6808647,146.79099,420.6866,0.8403361,137.45851,402.09073,0.70023745,148.42763,388.04428,0.8490269
220,189.98396,454.30612,0.9693291,193.68396,443.89594,0.9957182,182.20792,449.3114,0.95581234,178.61816,430.36215,0.6751603,171.19154,418.951,0.7068189,166.31876,406.80368,0.8553668,155.16336,393.34015,0.81668985,147.40375,379.37534,0.8585434
221,189.24275,453.66504,0.9545699,192.97806,444.47934,0.98735106,181.54745,448.50906,0.9330468,178.1168,428.69638,0.70447683,171.68767,418.5614,0.7007476,166.30165,403.75534,0.83151114,152.20755,388.05655,0.79869336,146.04692,373.22458,0.83379483
222,188.2745,453.42365,0.97273856,191.79509,444.43988,1,181.5643,449.03024,0.93985605,177.89168,428.77185,0.69758683,171.13016,418.7148,0.6993314,166.07602,404.65656,0.8030125,153.26123,389.18903,0.80265975,146.86804,374.3184,0.80814624
223,187.80182,453.27847,0.9713679,191.18234,444.2218,0.9976009,182.01064,447.89447,0.9399906,177.6621,428.7294,0.6962926,170.8858,418.80975,0.7036357,166.42096,404.0894,0.80272496,152.9856,389.09937,0.80293345,146.65004,374.37646,0.79805624
224,146.08517,457.05753,0.94735366,157.06981,454.85406,0.939769,148.71031,446.10254,0.85987437,168.63023,434.66495,0.7499157,181.83914,418.74042,0.7636307,195.64789,406.902,0.7627844,216.50946,401.8262,0.6288979,238.33575,401.23572,0.81575954
225,132.63994,453.95407,0.9919847,143.02818,454.30853,0.99662673,134.32268,444.54407,0.93499374,159.74509,435.00415,0.7869052,171.16954,423.00534,0.8748239,189.77623,412.66165,0.8770271,204.8288,404.67874,0.7918401,232.73311,400.04428,0.8735418
226,136.58041,453.6424,0.9912426,148.13771,452.64072,0.9567177,140.2805,443.71814,0.89007473,159.49612,434.73874,0.77788526,173.64967,422.32635,0.8515531,191.79118,410.8717,0.9177361,208.8344,398.69327,0.87046146,229.20772,384.07742,0.8896673
227,139.25905,453.38272,0.9710255,150.01051,452.68823,0.9781723,140.53061,443.68054,0.8796812,161.98373,433.79456,0.7979984,175.87845,422.18613,0.8838756,192.66254,412.12445,0.9394558,208.73569,400.4665,0.8989702,227.8806,384.38586,0.9030484
228,141.92896,453.03445,0.9610719,152.03552,452.3298,0.9759996,142.92407,443.43307,0.8921093,164.02617,433.26007,0.7938973,177.8665,422.15378,0.88204014,193.13028,412.7913,0.9297607,208.4333,400.3128,0.8687922,227.33891,386.452,0.99459535
229,108.51628,407.54648,0.9168411,113.80702,416.50946,0.9053061,116.14091,403.07593,0.90059733,140.64401,413.07196,0.72186124,157.6539,417.49695,0.82236314,178.82086,428.16275,0.8170999,188.30844,441.32568,0.71016234,197.07024,458.4939,0.7224264
230,95.85643,399.66605,0.9026598,103.235535,408.7222,0.9031734,106.32659,394.9066,0.8940695,130.94763,407.16168,0.8014198,152.35335,413.7998,0.871607,177.6741,422.15366,0.89724886,198.9455,433.18033,0.8465624,221.21964,436.37854,1
231,97.16378,400.35458,0.91686887,103.789215,409.30212,0.93274224,106.96357,395.08786,0.90735394,131.79376,407.7532,0.80395865,152.93007,414.6622,0.8650365,183.04898,422.8246,0.79782426,206.14905,428.96497,0.7702156,229.69482,434.84943,0.89783365
232,98.1893,402.07056,0.95723814,104.79329,410.95105,0.96875006,107.95724,396.322,0.9277881,133.34763,407.17474,0.8023949,153.38881,415.74936,0.8533968,183.23917,423.17065,0.8043894,205.8345,429.35892,0.7618103,229.91512,434.92145,0.90184313
233,98.48344,402.57288,0.9891202,105.438126,411.73807,0.9888153,108.64475,397.20825,0.9359199,134.43211,408.6622,0.7951511,153.56805,415.97705,0.8321811,183.90388,425.42957,0.8061627,206.58386,429.85153,0.75416803,230.0973,436.269,0.9414703
234,99.46221,403.12515,1,106.29879,412.3829,0.9923079,109.66294,397.52982,0.94309783,134.8306,409.4936,0.7907436,153.37827,416.45102,0.83775306,183.8359,425.85925,0.8231838,206.09973,430.3686,0.74677294,229.8959,436.92783,0.957577
235,92.80726,430.84222,0.8434833,105.16422,432.81516,0.83564067,95.60769,421.257,0.81099993,124.251366,404.58057,0.74008226,145.0233,390.1798,0.7287586,174.08714,382.7191,0.7969374,191.20245,368.10565,0.7829231,195.72334,338.48862,0.88141817
236,93.623215,430.6794,0.9586311,106.84305,431.70752,0.9239433,97.12946,418.72095,0.8905858,127.16203,403.86862,0.79843354,145.32211,388.28802,0.78196853,168.79591,369.17715,0.7688468,189.39658,356.81598,0.80257154,214.0025,338.35626,0.89434254
237,94.540016,428.60498,0.98538667,106.86898,429.4558,0.9261452,98.13202,416.58127,0.89736444,126.33588,402.68622,0.7916532,145.2323,384.6559,0.7874855,169.50012,367.95285,0.77397484,192.0343,351.9591,0.86171246,217.62799,334.04492,0.8796594
238,94.993996,427.4759,1,107.153435,428.57727,0.95180476,98.31951,416.25586,0.9022019,126.533775,401.8141,0.76038826,145.79272,383.9412,0.7868764,169.39194,367.4707,0.78033626,191.40337,351.8858,0.84202516,217.25273,333.34167,0.85044587
239,96.831314,414.2085,0.9453111,107.18628,418.13916,0.9311042,104.74225,404.41177,0.9457325,129.14099,405.3881,0.7885108,149.56691,395.42538,0.78136164,167.23311,373.52567,0.7153384,186.19621,347.13165,0.8216772,213.89064,334.0264,0.84306496
240,100.82262,347.16455,0.93836373,103.622246,361.2233,0.88488746,110.51183,348.01523,0.89419967,128.89047,369.9159,0.89157236,145.2904,385.51434,0.804028,167.00375,408.574,0.87871253,188.969,419.55408,0.77846336,219.81033,422.23615,0.95498353
241,99.0039,350.09995,0.9348449,103.69457,362.9949,0.9175472,109.216064,347.66153,0.9148513,134.46143,367.95767,0.8625872,156.21063,380.23944,0.85752606,185.07089,394.2135,0.82530797,209.18745,404.7811,0.7707739,232.79846,418.99982,0.9378942
242,99.48905,353.63748,0.9773102,104.74687,364.80493,0.95858365,110.3316,349.757,0.9033997,135.29076,367.498,0.8560916,157.9326,381.1645,0.8586785,187.29654,394.7887,0.83147246,212.82428,406.911,0.7766825,237.26668,415.4548,0.93035877
243,100.80394,354.82755,0.97490424,106.31885,366.20978,0.95246744,111.7632,350.8439,0.88527536,136.70917,368.4574,0.85285115,159.33464,381.57187,0.84936774,189.49507,395.23032,0.82607776,217.3925,408.3558,0.7417914,241.45142,414.73816,0.8431832
244,101.142685,356.2832,0.96997076,106.710945,367.31006,0.9450928,112.98687,351.58322,0.8861545,137.47086,369.26855,0.8492498,158.2418,381.72397,0.8424741,194.29921,396.58997,0.8064678,220.43536,408.5958,0.7659971,244.1683,414.9355,0.7921611
245,102.31336,356.78757,0.95290726,107.55239,368.5101,0.93954813,113.73735,352.57306,0.89774925,138.61589,370.32126,0.82783866,159.73064,382.40628,0.859004,192.04132,396.35098,0.80674875,221.14624,408.63824,0.7711937,244.6177,414.20352,0.80183625
246,102.83598,357.14487,0.95061797,108.15807,368.88327,0.9364449,114.29045,352.8788,0.9069929,138.24739,370.68723,0.827392,159.90825,382.67212,0.85606843,192.67976,396.6105,0.80300987,221.76028,407.29788,0.76756155,245.61539,414.99677,0.78947425
247,102.082275,358.39328,0.95163447,108.79324,369.19238,0.92986786,114.845726,353.12402,0.9113685,138.45523,370.76776,0.82090074,160.54868,382.6924,0.8635793,193.43277,396.68024,0.80557054,222.62793,407.23987,0.7606808,247.22531,416.3902,0.740606
248,102.42098,358.65665,0.9491937,109.13625,369.44748,0.92222947,115.14397,353.36224,0.90955937,139.35626,371.27124,0.8155426,161.49948,383.2275,0.8592805,193.88655,396.7954,0.81224763,222.7688,407.17422,0.7693063,246.58842,414.75226,0.7646541
249,115.06511,287.9294,0.9555054,114.468285,297.7056,0.8564062,125.32677,291.3324,0.86026704,133.38391,327.65826,0.79828,143.0576,351.42703,0.66896003,150.44339,377.60074,0.77729386,143.05063,411.31796,0.6911443,146.58719,438.3431,0.8331798
250,109.222496,265.29294,0.93398184,106.18767,275.5294,0.8662348,119.15721,270.3466,0.8616873,127.30336,307.5286,0.7875035,135.69543,331.6588,0.66378963,148.18015,360.48886,0.7334607,159.60034,393.71246,0.6296385,172.64873,420.59396,0.9360256
251,109.18758,268.1692,0.9391429,106.229645,277.98993,0.8790514,117.68993,272.5508,0.867097,127.63038,309.3746,0.79793096,135.25313,333.1337,0.6892014,148.38147,361.76938,0.7224641,161.08968,394.57953,0.64264554,176.23404,420.74734,0.91659254
252,108.8686,269.18732,0.9528432,106.14295,279.05295,0.8923967,117.48978,273.32492,0.8765721,127.83104,309.85034,0.7997245,135.5258,333.3788,0.688546,148.90372,361.938,0.7415863,162.31879,394.6632,0.6580738,178.20615,421.78317,0.9469206
253,109.19592,269.26636,0.9767608,106.13576,280.252,0.89813524,118.67922,273.71024,0.89689934,128.01462,310.14197,0.8122202,135.95216,333.6156,0.6884532,150.07542,362.7847,0.73691666,163.63953,395.2732,0.673534,180.84265,421.87427,0.94507354
254,108.99647,269.66882,0.9827588,105.97836,280.71213,0.89921016,118.592545,273.98535,0.9038056,128.15457,310.16772,0.8137538,136.23727,333.52628,0.6934031,150.50417,362.5634,0.74619377,165.70671,395.2635,0.6561892,181.15843,421.77838,0.93958366
255,105.65424,263.0728,0.9828473,103.34942,274.37125,0.87036,116.25126,267.1806,0.8664869,125.3859,300.2006,0.8490011,135.61143,323.0508,0.7565272,160.2698,344.70935,0.81904435,190.60078,360.39362,0.72588193,208.79607,377.29877,0.79631484
256,101.593124,266.3874,0.93246824,101.83478,278.69788,0.87402403,111.64351,269.26855,0.870703,126.95026,296.77206,0.9051403,145.91145,318.46964,0.7731334,170.64633,339.64578,0.7762679,196.5899,363.38794,0.6710119,211.62018,386.40366,0.8580555
257,102.109535,271.80334,0.9610401,102.9767,284.25653,0.9192999,112.227554,273.0951,0.9048462,128.8051,298.66748,0.8848929,147.24269,317.5096,0.78354156,176.06541,343.54868,0.790766,202.15915,364.01303,0.6952889,225.39926,381.68475,0.901598
258,101.856,274.99573,0.96281886,102.7986,287.59515,0.94243246,111.7338,275.96158,0.91227865,131.9348,302.68607,0.88981026,149.24773,319.41354,0.78849816,178.89821,344.37704,0.8010305,205.05136,365.06396,0.68373215,229.035,382.51303,0.91411144
259,100.71602,277.92102,0.9732177,103.318886,288.9719,0.9490313,112.18864,277.0778,0.91773945,132.94385,303.3956,0.90898883,152.0145,319.9434,0.7999531,182.28227,345.4675,0.80229664,208.96143,367.9942,0.68658483,233.0189,382.14536,0.946319
260,111.31893,270.46927,0.9639141,109.40199,281.67017,0.9029126,121.6035,273.72086,0.89921093,132.83266,307.3072,0.860173,144.1963,327.86432,0.7557257,173.80634,346.63275,0.7429247,210.06961,356.9122,0.7313881,233.2594,371.1277,0.9459437
261,122.592415,192.16405,0.911984,117.42274,202.90826,0.84841394,129.58162,198.93552,0.83491814,134.41684,235.69173,0.73753,132.89629,263.3211,0.64678067,132.47234,297.3953,0.69394195,143.93172,333.74493,0.79999614,165.40132,345.45166,0.945671
262,98.82635,129.19148,0.81548864,95.33435,139.61043,0.7372141,108.7149,137.3946,0.734507,117.343994,170.6625,0.78189087,121.80987,196.63283,0.6790994,132.28796,227.0941,0.72489405,137.97722,263.82663,0.6449852,145.22002,292.19913,0.8760367
263,98.96506,128.74031,0.81801224,95.87418,139.22232,0.71784246,108.661476,135.28046,0.73204315,118.047615,171.91867,0.7518672,123.3882,197.1282,0.672272,133.22937,227.30733,0.73214257,139.45467,261.37674,0.62621003,146.73132,291.65857,0.85227
264,97.17156,128.81412,0.8417602,94.75835,139.21254,0.7426949,105.675575,135.43896,0.74229383,117.81601,171.49985,0.7699906,123.240265,196.81409,0.68339896,133.18735,226.77928,0.75306153,140.2495,261.71213,0.65662783,149.26929,290.9986,0.8886219
265,96.84919,128.78049,0.83553183,94.43911,139.12674,0.7357467,105.39724,135.28131,0.73916364,117.931656,171.21703,0.7637414,123.47734,196.9729,0.6805727,133.37883,226.3515,0.7681914,140.7798,261.03537,0.6415199,149.79604,290.9454,0.8741128
266,97.31332,128.47998,0.84026235,94.10648,139.5787,0.7397926,107.922485,134.6104,0.7463373,118.17502,171.12665,0.76465,123.520004,196.6648,0.6828909,133.3675,225.689,0.77443576,140.46733,260.48532,0.6418364,149.28143,289.5367,0.86318266
267,97.28661,128.60945,0.8317102,94.03126,139.80185,0.73484635,108.40096,135.86191,0.742234,116.68853,170.65663,0.77353233,123.443275,195.96509,0.69125247,133.66702,226.12518,0.7629692,141.15672,261.23547,0.6353177,149.95415,291.34808,0.881691
268,97.71416,128.45758,0.8506486,94.45187,139.58641,0.7506012,108.23159,134.55968,0.75940675,117.123566,171.20059,0.76345176,123.889626,196.59842,0.6824987,133.85384,226.44386,0.76453936,141.21764,261.5536,0.6445335,150.11557,291.11136,0.8837028
269,97.77943,128.32703,0.8395082,94.5136,139.36197,0.738177,108.3196,134.34184,0.7496631,117.19781,171.26013,0.7619098,123.77017,196.50456,0.6809523,134.06361,226.57063,0.7563293,141.36331,261.80203,0.64817506,150.20091,291.25226,0.88243735
270,97.6546,128.38869,0.83894163,94.29787,139.46245,0.73976964,108.2197,134.44223,0.74664235,116.990906,170.57478,0.77717876,123.62044,195.9933,0.6818322,133.7423,229.46912,0.70563173,142.42865,264.00986,0.63319874,150.5177,294.1762,0.8581045
271,97.68178,128.34996,0.83816755,94.321884,139.42462,0.73903376,108.23609,134.40004,0.74644125,116.98195,170.75612,0.7756659,123.69011,196.1854,0.6766307,134.11522,230.72731,0.7065798,142.62369,267.91193,0.6329344,151.73677,295.684,0.83065915
272,97.53457,128.26308,0.8404809,94.07584,139.31606,0.7411588,108.026924,134.25235,0.7424923,116.97589,170.22769,0.78105074,123.80439,196.07405,0.6789818,134.09697,230.20345,0.70469844,142.44191,267.61337,0.6252914,151.45601,295.61496,0.82907116
273,97.87895,128.146,0.8446307,94.36525,139.22833,0.74513376,108.34336,134.2984,0.7511838,117.00299,170.05281,0.7823008,123.75534,195.82297,0.67997575,134.0834,230.21173,0.7056861,142.39888,267.72333,0.6269084,151.56433,295.77948,0.82461977
274,97.88342,128.1372,0.84335154,94.4362,139.21263,0.7437513,108.38056,134.26819,0.7500999,117.17286,170.51247,0.77566856,124.00813,196.07816,0.67409265,134.50514,231.47539,0.6971166,143.09874,269.04547,0.624182,151.78561,297.58026,0.81161964
275,97.80136,128.1632,0.8409517,94.33139,139.2576,0.7415782,108.277916,134.29713,0.74537885,117.03088,170.39923,0.7778255,123.985634,196.0287,0.6684447,134.72646,232.02715,0.69298136,143.0063,271.41824,0.62328434,153.84004,297.43628,0.780168
276,97.59251,128.205,0.8486841,94.05451,139.4881,0.7538074,106.167465,134.98982,0.7508861,116.76716,169.91618,0.77474904,123.60195,195.3175,0.68474543,134.19675,230.04941,0.71130216,142.34894,264.4625,0.6092785,151.46765,296.06668,0.8851436
277,108.04247,129.38548,0.85792047,103.19392,138.51004,0.78970504,116.80645,138.39998,0.78525233,116.65702,169.30894,0.7519379,117.735405,195.66635,0.6379456,133.24084,225.81154,0.69936,145.14908,257.8539,0.5909904,152.26726,287.40793,0.7932382
278,313.3315,231.66852,0.90115875,305.94662,224.63205,0.6893807,304.17844,237.2682,0.6576555,259.29034,225.14546,0.49635372,232.82721,225.75488,0.38547203,196.17041,228.40256,0.665656,170.98534,213.33064,0.7570205,159.76791,192.24286,0.7263891
279,387.68408,237.75195,0.82043284,381.15982,231.06775,0.6036192,379.57272,243.22449,0.8101889,345.75537,235.07634,0.55937463,310.3687,232.18172,0.38595092,275.44418,228.22275,0.58000004,238.14847,226.0897,0.63831306,209.91696,224.0567,0.88254964
280,409.8768,241.52164,0.8539693,402.08966,233.57314,0.91622746,402.1464,246.57278,0.81126857,377.83505,231.14313,0.55887663,331.72012,235.86278,0.40895256,294.32755,229.81438,0.59864205,257.3721,226.85077,0.64879286,230.14084,224.015,0.8489238
281,421.48013,241.33592,0.8627366,414.06845,234.30148,0.93888044,412.95038,246.73291,0.8496417,380.4631,238.00116,0.5651313,343.45886,237.15918,0.36888602,309.0573,230.99875,0.5835245,270.7013,227.58574,0.66282547,242.0789,224.95644,0.9290727
282,426.39105,242.94548,0.8624014,421.76688,235.35011,0.9112438,418.26587,248.36583,0.8428906,395.80814,235.45557,0.574615,353.4091,239.21132,0.3564721,315.554,234.77608,0.5779873,278.91684,227.80396,0.64549947,248.15103,226.63853,0.90268785
283,430.284,242.80197,0.9448005,424.09262,235.94797,0.98104435,421.4494,247.54178,0.8809705,394.39676,238.42021,0.57887733,354.03824,240.62033,0.38096493,321.67365,234.85548,0.6117572,283.67755,228.64156,0.64466107,253.40411,227.7699,0.87941766
284,432.38934,243.22963,0.93700284,425.64542,236.08476,0.9791321,424.02878,248.51212,0.871017,395.50034,240.32034,0.5837233,356.4215,241.2569,0.3961148,322.86136,234.88197,0.6201735,285.5364,229.43459,0.64594126,254.24875,226.51913,0.8911758
285,433.302,244.38489,0.9138999,427.0604,239.18462,0.9795879,423.49286,251.31483,0.87133074,394.9785,241.20633,0.5583971,357.00095,242.00597,0.41326797,322.43073,235.7947,0.60796,285.76483,229.83998,0.63981545,254.88237,226.8009,0.8528844
286,434.32278,178.66632,0.899525,423.31964,182.3302,0.89099985,435.01672,190.66249,0.86632586,410.37784,212.08157,0.634666,395.09964,239.95198,0.58139956,374.60568,261.89526,0.61552733,336.5136,269.07147,0.7436265,309.7337,264.56976,0.9165957
287,440.64978,131.29266,0.83805066,430.8376,135.23624,0.81549144,441.9616,142.59978,0.79654264,425.76532,161.23012,0.46905282,405.94217,196.58105,0.46021903,389.48303,231.4945,0.6363902,372.7406,262.21268,0.54312885,356.45786,291.7516,0.77473146
288,438.82312,127.28468,0.78077686,429.39566,131.12949,0.7700384,440.69095,138.3781,0.769227,423.0124,163.3906,0.5043915,404.73102,194.03731,0.47626507,389.41174,231.44472,0.61977607,372.47125,264.43533,0.58217394,359.57538,290.4201,0.80549216
289,436.31888,127.4403,0.79741627,429.37216,130.79956,0.7769154,440.19882,137.85991,0.7756895,423.21625,163.41501,0.50952363,406.0752,194.51591,0.4702896,390.0127,230.97037,0.6306044,373.75574,263.8029,0.5732877,359.526,289.93762,0.81431544
290,435.99805,127.16443,0.7960639,428.70172,131.30728,0.766179,439.94373,137.53929,0.7686733,424.6308,158.99933,0.47900355,406.6511,194.04652,0.45340797,390.40457,230.06976,0.6320624,376.20697,260.86835,0.55084217,360.32358,289.30298,0.7964909
291,438.99008,127.30615,0.78878564,429.81488,131.3242,0.7762092,440.35718,138.09512,0.7752306,426.309,159.76205,0.4776225,406.9778,193.81573,0.43616343,391.21796,230.76451,0.6294831,377.1423,261.3735,0.5458761,361.406,291.48138,0.7958851
292,399.15955,121.16297,0.95187676,398.5487,127.961044,0.85385716,404.95078,122.82015,0.925593,411.3136,143.85342,0.55361694,415.7866,163.73235,0.39085963,414.33386,181.1334,0.1690842,397.9508,111.551735,0.15262891,403.19144,139.52953,0.14430152
293,361.3295,101.35766,0.9577884,361.40396,112.33013,0.8988894,370.22824,103.695496,0.8801452,383.44504,127.64952,0.7250658,400.9693,149.6788,0.68962336,414.82434,168.4301,0.7149894,423.012,182.11105,0.4523518,426.7397,197.36473,0.207621
294,359.89526,101.2038,0.93718606,359.0092,112.60662,0.89046013,369.09375,104.337524,0.8608215,384.04462,132.81686,0.7536293,400.7168,155.5814,0.73074096,413.22705,173.21245,0.7166468,423.10727,190.219,0.5307365,429.87128,204.96805,0.28846142
295,359.70923,100.88523,0.9258703,358.52316,112.39479,0.8853265,368.937,104.29346,0.85165054,386.42297,134.4315,0.76289135,400.09302,156.45749,0.74428827,413.09268,175.52864,0.7496084,422.37308,191.72554,0.6003487,431.6952,206.65833,0.35269794
296,359.9985,100.93986,0.931986,358.58673,112.52592,0.8849199,369.3665,104.58038,0.8484168,386.48505,135.37523,0.7818211,399.60434,158.19124,0.7358186,413.6588,177.78822,0.7872549,425.33633,198.96013,0.5945231,436.13818,208.99377,0.30069247
297,359.8691,100.66833,0.9225653,358.45267,112.25756,0.88167846,369.23657,104.35739,0.843488,387.01486,135.80963,0.77031475,399.28424,158.88461,0.73018575,413.25543,178.01561,0.7924155,424.7055,199.02206,0.61229026,435.89346,209.10547,0.32031927
298,359.8812,100.76691,0.9212186,358.41492,112.32752,0.87960947,369.20972,104.476555,0.84231395,386.7015,135.7408,0.77058417,395.96896,155.86537,0.7353959,412.6251,178.30858,0.7871828,421.57498,195.28534,0.59380877,435.21976,209.28108,0.27858245
299,334.33105,135.10326,0.90205187,342.4289,140.4441,0.8595865,340.34976,127.82106,0.8454902,362.3551,131.86935,0.4353475,396.56732,141.09389,0.23281267,378.38388,127.809006,0.18574606,337.51102,121.52848,0.20446064,394.8923,122.23869,0.19653684
